,exp,mean,materials,lego,mic,chair,teapot,ball,ficus,coffee,car,ship,hotdog,drums,toaster,helmet
0,fresnel_nointim,,,,,,,,,,,,,,,
1,fresnel_nobounce,,,,,,,,,,,,,,,
2,fresnel,,,,,,,,,,,,,,,
3,lambda,0.7307855401720319,0.6520655155181885,0.6805012822151184,0.6751883029937744,0.9105532765388489,0.4763432741165161,0.8347047567367554,1.0108087062835693,0.8113799095153809,0.5148409605026245,0.604145348072052,0.6016343832015991,0.8925839066505432,0.9195579886436462,0.6466899514198303
4,fresnel_nonumer,,,,,,,,,,,,,,,
