,exp,mic,helmet,toaster,teapot,ficus,materials,chair,coffee,lego,hotdog,ship,drums,car,ball,mean
0,noprednorms_nl0_conserve_pb0,12.73199591659705,22.85039329737465,18.32430421702698,17.229117562953945,13.984022546415405,14.763946063175245,13.91130368420593,16.820877035056654,14.955509476827366,17.98915547884901,16.662308046193456,14.502972014065168,15.769843728996683,15.473370698368882,16.14065141186474
1,fixedmip128,7.531877638700177,18.201499112431105,16.09043626946796,13.947120545414643,8.718229496008771,11.989819318843994,10.948196945861069,16.440812084168176,14.735179504298644,15.52517680449058,14.800954714365492,11.72641095327294,13.691510068940833,11.127212912948268,13.248174026372334
2,tensorf,9.559619762267987,14.797166044041921,14.228753668122947,14.158229936027157,14.228753668122947,10.84216594873769,14.228753668122947,15.166526923984746,14.687514117669696,13.704034735853632,13.688950464393178,14.219285616349582,10.831054655695262,10.848502833782858,13.227808003083753
3,singlebounce_samen,9.634925150432172,16.636704752645773,12.769407353454385,10.514705343151284,12.376546366622428,14.030992118215865,13.171895849624569,17.21065703288267,14.173114367812166,14.933650329737743,14.84260937915013,14.253370188558204,11.017059834229336,13.920240555909333,13.534705615887576
