,exp,mean,materials,lego,mic,chair,teapot,ball,ficus,coffee,car,ship,hotdog,drums,toaster,helmet
0,fresnel_nointim,,,,,,,,,,,,,,,
1,fresnel_nobounce,,,,,,,,,,,,,,,
2,fresnel,,,,,,,,,,,,,,,
3,lambda,70.42607204755095,82.14016812494724,68.97914756388116,140.27946216986126,66.62462159891021,36.783014816845224,90.03615870239035,73.84384967642258,71.01704739206474,80.77519971706731,82.88557587895268,55.6862143091729,58.5860419243068,50.723587577503714,27.60491921338717
4,fresnel_nonumer,,,,,,,,,,,,,,,
