,exp,mean,materials,lego,mic,chair,teapot,ball,ficus,coffee,car,ship,hotdog,drums,toaster,helmet
0,fresnel_nointim,,,,,,,,,,,,,,,
1,fresnel_nobounce,,,,,,,,,,,,,,,
2,fresnel,,,,,,,,,,,,,,,
3,lambda,0.38930249464427125,0.19167938553221864,0.6466036541086858,0.16719243324750915,0.3985405574224909,0.7328276636734368,0.1353158519921901,0.23357622503377268,0.3845975149844898,0.2809643834937299,0.5818339288552486,0.6569349770197448,0.31109598345438944,0.2572844516883673,0.47178791451352353
4,fresnel_nonumer,,,,,,,,,,,,,,,
