,exp,mic,helmet,toaster,teapot,ficus,materials,chair,coffee,lego,hotdog,ship,drums,car,ball,mean
0,noprednorms_nl0_conserve_pb0,0.015911287122871726,0.05464080959558487,0.11296313375234604,0.012493421256076545,0.033464599372819065,0.028415638385340572,0.02789876957423985,0.09885424003005028,0.014641083269380033,0.051970413345843555,0.13174965113401413,0.07698357237502933,0.02642969261854887,0.06677679270505905,0.05379950746694313
1,fixedmip128,0.031288382848724726,0.05103522478602827,0.14125367730855942,0.014019348125439137,0.04056710997596383,0.04066925810649991,0.027610350898467004,0.10673049669712782,0.017083166665397585,0.05304959559813142,0.1392223757877946,0.08735830869525671,0.03598448973149061,0.11331668835133314,0.06422774811258673
2,tensorf,0.01547876997385174,0.12080206517130136,0.22706959571689367,0.012622583819320425,0.061072539910674094,0.12928594164550306,0.021085103936493398,0.11305682756006717,0.014516149428673089,0.06589664936065674,0.15790845446288584,0.11927647447213531,0.0836195120587945,0.2947851723432541,0.10260541713289319
3,singlebounce_samen,0.01684918945655227,0.054369456628337504,0.11687592264264822,0.012708488064818084,0.033055815510451794,0.027998319072648884,0.023621396571397783,0.10145948257297277,0.015180776603519916,0.057137702312320474,0.13328359737992287,0.07452799743041397,0.02644879418425262,0.08718799620866775,0.05576463818849464
