,exp,toaster,chair,ficus,ship,materials,ball,mic,hotdog,teapot,lego,drums,car,coffee,helmet,mean
0,fresnel_nointim,0.2849842033535242,0.05521768014878035,0.03892677329480648,0.17970543086528779,0.0743287044018507,0.3993056225776672,0.0420623255521059,0.05073825310915708,0.012962776587810367,0.030921762865036725,0.07726341819390654,0.07717150032520294,0.06482088947668671,0.18036200776696204,0.11205509632277036
1,fresnel_nobounce,0.13667536322027446,0.05082140531390905,0.03848932608962059,0.16889743711799382,0.038963604224845766,0.1072419137507677,0.026497705127112567,0.05713202441111207,0.008680771054932847,0.02759533891454339,0.0712167077511549,0.04052168257534504,0.07732300462201237,0.09542775189504027,0.06753457400490462
2,fresnel,0.12985570635646582,0.05222357760183513,0.03889883409254253,0.17975680902600288,0.03806350926868617,0.10187360610812903,0.02817011669278145,0.08717580072581768,0.010415431149303912,,0.07413278497755528,0.04098328674212098,0.08890076018869877,0.10338493326678871,0.07491039663051756
3,lambda,0.12206511795520783,0.043797106854617594,0.04827580584213138,0.15657004050910472,0.027384103937074543,0.07051355261355638,0.02226347886491567,0.04994040168821812,0.011967288723681122,0.024044976569712162,0.06787514131516219,0.036552751529961826,0.06722394661977887,0.053853400032967326,0.05730907950400641
4,fresnel_nonumer,0.23510428711771966,0.06129441783763468,0.04338888291269541,0.19663838468492031,0.0475051080621779,0.3530643667280674,0.027716649947687983,0.046502513187006114,0.010672815013676881,0.030700013497844337,0.07542937187477947,0.053223689552396536,0.07136974124237895,0.12268217623233796,0.09823517270652313
