,exp,mic,helmet,toaster,teapot,ficus,materials,chair,coffee,lego,hotdog,ship,drums,car,ball,mean
0,noprednorms_nl0_conserve_pb0,0,1.071736216545105,4.003559112548828,0.5374828577041626,0,2.2315192222595215,0,7.9875922203063965,0,0,0,0,1.9600355625152588,0.28073373436927795,2.581808418035507
1,fixedmip128,0,1.278786063194275,3.999577283859253,0.9157682061195374,0,3.303256034851074,0,5.620791435241699,0,0,0,0,2.5248003005981445,0.7067357897758484,2.621387873377119
2,tensorf,0,9.246346473693848,12.077720642089844,1.232935905456543,0,4.6246209144592285,0,11.321969985961914,0,0,0,0,4.549914836883545,15.031006813049316,8.297787938799177
3,singlebounce_samen,0,1.0996382236480713,3.3996737003326416,0.5377044677734375,0,2.4019172191619873,0,8.364706039428711,0,0,0,0,1.9369385242462158,0.2830846309661865,2.5748089722224643
