,exp,mic,helmet,toaster,teapot,ficus,materials,chair,coffee,lego,hotdog,ship,drums,car,ball,mean
0,noprednorms_nl0_conserve_pb0,0.0,1.071736216545105,4.003559112548828,0.5374828577041626,0.0,2.2315192222595215,0.0,7.9875922203063965,0.0,0.0,0.0,0.0,1.9600355625152588,0.28073373436927795,2.581808418035507
1,fixedmip,6.748690605163574,24.595510482788086,32.171669006347656,,8.614021301269531,,12.276405334472656,15.598294258117676,14.868703842163086,9.214247703552246,20.976743698120117,11.142692565917969,,18.273229598999023,15.861837126991965
2,noconv,2.5582356452941895,2.7666540145874023,6.563885688781738,0.6873521208763123,4.8803911209106445,2.855433464050293,3.6549344062805176,6.859643936157227,8.178874969482422,4.48663330078125,13.38400650024414,5.729229927062988,3.133183240890503,10.034199714660645,5.412332717861448
3,fixedmip128,0.0,1.278786063194275,3.999577283859253,0.9157682061195374,0.0,3.303256034851074,0.0,5.620791435241699,0.0,0.0,0.0,0.0,2.5248003005981445,0.7067357897758484,2.621387873377119
4,tensorf,0.0,9.246346473693848,12.077720642089844,1.232935905456543,0.0,4.6246209144592285,0.0,11.321969985961914,0.0,0.0,0.0,0.0,4.549914836883545,15.031006813049316,8.297787938799177
5,singlebounce_samen,0.0,1.0996382236480713,3.3996737003326416,0.5377044677734375,0.0,2.4019172191619873,0.0,8.364706039428711,0.0,0.0,0.0,0.0,1.9369385242462158,0.2830846309661865,2.5748089722224643
6,interpdiffuse,2.337484359741211,1.3150254487991333,4.207294464111328,0.5287652015686035,4.5117268562316895,2.2436788082122803,3.2942254543304443,6.026979923248291,8.071908950805664,3.983935832977295,12.74260139465332,5.008866310119629,2.033022880554199,0.2601795494556427,4.040406816772053
7,interpdiffuse_flipnorm,2.2832837104797363,1.239202618598938,4.29311990737915,0.466330885887146,4.406161308288574,2.1951851844787598,3.309959650039673,6.04258918762207,7.998551845550537,3.8331563472747803,12.867780685424805,5.064971446990967,2.12185001373291,0.3069002032279968,4.030645928212574
8,nodiffuse,2.7895431518554688,4.678554058074951,6.936579704284668,1.318488597869873,5.004429817199707,3.8681273460388184,4.3778510093688965,7.008054733276367,9.959247589111328,7.064790725708008,15.145593643188477,6.672435760498047,3.629223108291626,2.6417665481567383,5.792477556637356
