,exp,toaster,chair,ficus,ship,materials,ball,mic,hotdog,teapot,lego,drums,car,coffee,helmet,mean
0,fresnel_nointim,24.230321884155273,4.986507892608643,5.431401252746582,17.854259490966797,9.679132461547852,30.960960388183594,3.8131399154663086,5.107705116271973,1.1939780712127686,8.90227222442627,7.882195949554443,8.374324798583984,5.996767044067383,13.855093002319336,10.590575678007943
1,fresnel_nobounce,7.600708484649658,4.110289096832275,5.177095413208008,15.600377082824707,3.0795459747314453,1.874276876449585,2.4825356006622314,4.890413284301758,0.6890458464622498,8.697020530700684,6.42789363861084,2.8347268104553223,6.720252513885498,4.225560188293457,5.314981524433408
2,fresnel,44.24055480957031,18.281028747558594,9.904788970947266,38.962669372558594,23.609779357910156,45.20438003540039,9.848691940307617,25.504554748535156,8.35407829284668,,19.433429718017578,22.880762100219727,31.34732437133789,38.09746551513672,25.820731383103592
3,lambda,44.2415657043457,18.2806339263916,9.909202575683594,38.9655647277832,23.607681274414062,45.199764251708984,9.85352897644043,25.504621505737305,8.354043960571289,26.588651657104492,19.44442367553711,22.88056182861328,31.350425720214844,38.10328674316406,25.877425466265
4,fresnel_nonumer,44.22889709472656,18.281164169311523,9.908207893371582,38.96285629272461,23.609619140625,45.087066650390625,9.850724220275879,25.503765106201172,8.34875774383545,26.58980941772461,19.434900283813477,22.878883361816406,31.347780227661133,38.09275817871094,25.86608498437064
