,exp,mic,helmet,toaster,teapot,ficus,materials,chair,coffee,lego,hotdog,ship,drums,car,ball,mean
0,noprednorms_nl0_conserve_pb0,32.932519560879946,34.101594929573395,26.740220842227373,41.176898125967945,29.95961725073983,30.934505141129588,32.519513821035034,30.03953803346587,33.492300417184126,33.60570755567466,27.146748774280194,24.911731716023155,30.71871934843609,36.680685942216144,31.78287867563095
1,fixedmip128,30.590942796287376,34.62661308034688,26.684763480482765,41.89399773779364,29.36538680850405,29.11769941133653,32.23143013926187,28.286086980886765,33.236466595633644,33.544546769817195,26.9165367018309,24.33737652903578,29.304315888484993,31.853813049075615,30.856426854912716
2,tensorf,33.3929433190684,26.781384635868136,20.443237980748027,40.89257563122741,30.149730095599065,25.49576523768743,33.28896255973771,27.920175729145882,34.224168360846434,31.5653822356771,26.561137005425085,24.37247572659937,25.719644314193037,25.860267450521114,29.047703591596015
3,singlebounce_samen,32.94374387899411,34.24888815478446,27.14892307353968,40.36580625438814,29.98541146070645,30.833666516157287,33.256311129984674,29.424211515129173,33.60142171439489,32.40443507924167,27.126084020003034,24.968972663026957,30.498640914074734,35.474418787862426,31.591495368734837
