,exp,toaster,chair,ficus,ship,materials,ball,mic,hotdog,teapot,lego,drums,car,coffee,helmet,mean
0,fresnel_nointim,0.7341818230906955,0.9457501707639716,0.9531597459445265,0.7940775999064966,0.8964469315606048,0.7525794600292522,0.9618697591494936,0.9543122237585239,0.9935176566825408,0.9455645379519038,0.9050957505280206,0.8948617935496412,0.9593481658229299,0.8802787760772484,0.8979317424868464
1,fresnel_nobounce,0.8812897978006528,0.9499627142108216,0.951318394794758,0.8071216405555142,0.9412569241614125,0.9652620939851287,0.972394615768048,0.9532386324057518,0.9955935697569758,0.9496723371719447,0.9132640580267681,0.941488350031874,0.9561364600258356,0.9411706117717507,0.9370835857476598
2,fresnel,0.8887504423204473,0.9485539329994518,0.9510766891829671,0.8044619615627994,0.9428584050764175,0.9665015114850316,0.9719535491927457,0.9445398413331816,0.9955699218008266,,0.9082147493581991,0.9428577792249793,0.9512620757001996,0.9376796159865812,0.9349446519402946
3,lambda,0.9067703379100908,0.9563075706647569,0.9487510788963691,0.8223957284911657,0.957775869047513,0.9756580034849139,0.9764079534694755,0.9615907225854946,0.9946174460693632,0.9616598370863844,0.9175698270590352,0.9475939350750321,0.9603323604756909,0.9691673389074424,0.9468998578016236
4,fresnel_nonumer,0.798297330890598,0.9428722344913909,0.9504411884376093,0.7845681402960377,0.9362502636071826,0.7906473504883356,0.9720274890872669,0.9579082593741242,0.9946920153185275,0.9427152843243215,0.9096189295324731,0.9253590149317432,0.9586086478896327,0.9273932834441638,0.9136713880081005
