,exp,mic,helmet,toaster,teapot,ficus,materials,chair,coffee,lego,hotdog,ship,drums,car,ball,mean
0,noprednorms_nl0_conserve_pb0,0.9818120171658231,0.9709901776691225,0.9112338131928323,0.9930171794260741,0.9653813198637025,0.9574407342553262,0.9664186805043561,0.9400817275636975,0.9697469952058592,0.9566910570075653,0.826556258492161,0.9213134606259288,0.9599360766962328,0.9786666746918844,0.949949012311469
1,fixedmip128,0.9694300090922188,0.974659996143611,0.8962657211934701,0.9932937150816743,0.9601129995698178,0.9412217543746584,0.9670407509283424,0.9367942421629364,0.9677794862769592,0.956919748826827,0.826009957138314,0.9135565982907431,0.9464517816894596,0.9508660753137707,0.9428859168630573
2,tensorf,0.9841610098996106,0.9251126406726584,0.8345353984885167,0.9927540499799609,0.9651133498713763,0.9013146327134319,0.97637265647408,0.9293909681278081,0.9728212120050195,0.9495893971748265,0.8307340241365564,0.9157875674345555,0.9100875319411833,0.8789094069151769,0.9261917032739115
3,singlebounce_samen,0.9818701228938532,0.9709409566726638,0.9119463167917107,0.9925385091467895,0.9655257533586332,0.9557458364354474,0.9716761587085007,0.9384157476872582,0.9705664901900296,0.9538305158991588,0.826212703601305,0.922823567448267,0.9597472007557991,0.9711672418720454,0.9495005086758187
